"STUDENT_NUMBER","GRADE_LEVEL","WEEKHOURS"
125124,11,23.2779356060606
125404,10,27.7485795454545
121044,10,27.7722537878788
122712,10,28.7168560606061
124544,12,30.5890151515152
121736,9,28.0610795454545
121535,9,28.0610795454545
125297,9,27.7627840909091
125952,11,19.4933712121212
120995,10,28.1747159090909
122250,12,13.7405303030303
123801,12,24.7357954545455
126448,9,26.3991477272727
123965,9,29.6732954545455
121003,10,28.984375
126828,12,21.9460227272727
120523,11,19.4034090909091
123600,11,20.2182765151515
125464,10,29.0861742424242
120502,11,24.0984848484848
122276,9,29.7017045454545
123783,11,17.795928030303
121609,9,28.1202651515152
120892,10,27.5
120962,10,27.265625
124550,12,18.4280303030303
119293,12,22.7395833333333
121607,9,28.1628787878788
125735,10,27.5
122530,10,31.0700757575758
122281,9,27.9829545454545
122242,10,28.0610795454545
125405,9,27.6704545454545
125532,11,19.921875
121837,9,27.2940340909091
121697,12,18.0587121212121
126484,11,20.2249053030303
125544,12,17.0430871212121
125730,10,27.6349431818182
125883,11,23.3527462121212
124429,11,20.7012310606061
126411,9,27.5
122869,9,26.25
124868,9,26.9886363636364
125050,10,28.1747159090909
126486,9,27.9119318181818
124939,11,22.5994318181818
125180,11,24.2135416666667
126439,10,25.8664772727273
126444,9,28.0610795454545
119607,12,18.2433712121212
126766,11,23.4535984848485
125112,11,20.3409090909091
119848,12,15.3167613636364
121025,10,27.5
123312,11,25.3787878787879
120416,11,25.030303030303
125882,11,18.8948863636364
124036,9,25.4403409090909
126782,11,22.7035984848485
125120,11,21.1557765151515
125801,10,28.1747159090909
120888,10,27.8551136363636
124573,12,16.9488636363636
119359,12,15.7125946969697
125240,11,21.7144886363636
122728,9,27.8077651515152
121359,11,20.8001893939394
124508,11,18.6434659090909
123217,10,28.1747159090909
125359,10,28.0610795454545
120452,11,30.5658143939394
121381,12,14.5099431818182
126392,10,27.6491477272727
123162,9,28.0610795454545
120882,10,28.0610795454545
121567,9,28.0610795454545
120043,11,21.4488636363636
119177,11,24.4412878787879
120210,12,21.5691287878788
122691,9,28.1628787878788
126435,9,28.9275568181818
120959,10,28.0610795454545
120993,10,27.0596590909091
120241,12,24.3106060606061
121568,9,27.8267045454545
125360,10,30.3030303030303
122275,10,28.1889204545455
121672,9,27.4786931818182
120939,10,28.1628787878788
124715,10,28.0610795454545
121570,9,28.0610795454545
125759,10,27.9356060606061
125748,10,24.8697916666667
120794,12,18.8399621212121
121027,10,26.3991477272727
126581,9,27.9569128787879
119650,12,15.7481060606061
119231,12,15.6581439393939
125728,10,25.2769886363636
120728,12,18.2357954545455
121630,9,27.6420454545455
124975,11,21.484375
126478,9,28.1060606060606
119704,12,18.1515151515152
120372,10,28.2670454545455
121067,10,28.6079545454545
124209,12,12.5
124402,12,14.2092803030303
124693,12,10.0449810606061
120538,11,22.157196969697
125403,12,20.530303030303
119923,12,18.2575757575758
120904,10,27.8551136363636
121658,9,29.6898674242424
121001,10,28.3333333333333
125164,11,23.655303030303
124583,12,18.297821969697
120965,10,26.40625
121039,10,27.6491477272727
121663,9,27.8267045454545
122211,11,24.1964962121212
123668,12,18.9351325757576
121024,10,27.6231060606061
125069,11,23.4578598484848
122280,10,28.0989583333333
126450,9,27.9332386363636
121856,10,32.0880681818182
122355,11,24.7504734848485
124929,9,28.0610795454545
126482,9,28.0610795454545
123966,10,28.0610795454545
125802,11,22.3082386363636
125083,9,28.0610795454545
122716,9,27.5213068181818
126422,9,25.8664772727273
120234,12,16.5317234848485
126908,10,26.9578598484848
123232,11,18.9891098484848
120056,12,18.0658143939394
120969,10,27.4786931818182
121028,10,31.3257575757576
121611,9,28.984375
126576,10,21.9460227272727
120361,11,20.3267045454545
121595,9,28.0610795454545
120527,11,23.8844696969697
119670,12,15.5445075757576
121802,11,23.28125
122775,10,27.2443181818182
121070,10,27.6136363636364
121031,10,26.9578598484848
123321,10,26.8347537878788
120958,10,27.5
122251,12,10.1160037878788
125724,10,28.0610795454545
123616,9,30.9161931818182
120515,11,19.1761363636364
123260,10,33.5961174242424
126614,9,28.0610795454545
122440,10,27.8551136363636
122245,9,28.0610795454545
121006,10,27.5804924242424
123761,9,27.8551136363636
120960,10,28.3475378787879
125143,11,18.3143939393939
120367,11,22.5052083333333
125162,11,23.9824810606061
125864,11,21.4914772727273
120942,10,27.5
125797,10,30.1183712121212
125729,10,28.1628787878788
119524,12,25.2419507575758
120397,11,19.1761363636364
124042,11,19.1931818181818
119523,12,9.36316287878788
121068,10,31.1292613636364
123121,11,22.6160037878788
123253,12,14.2234848484848
126425,9,28.1178977272727
125722,10,28.1628787878788
122406,12,17.2679924242424
125762,10,29.5596590909091
123381,9,32.4597537878788
123744,9,28.6671401515152
125966,10,27.2514204545455
119943,12,13.7878787878788
123641,10,27.2230113636364
120501,11,20.9924242424242
121042,10,28.1344696969697
125209,11,16.155303030303
120537,11,26.2807765151515
121709,9,28.1628787878788
120992,10,27.9285037878788
124985,9,28.0610795454545
121549,9,28.0610795454545
119337,12,16.4839015151515
121000,10,28.1628787878788
124943,10,28.0610795454545
125031,12,15.4648526077098
121675,9,27.7840909090909
124060,12,17.9663825757576
125386,11,22.4337121212121
125931,9,28.1131628787879
124941,11,22.1439393939394
122690,9,28.0610795454545
123211,9,27.2940340909091
121614,10,27.5
119621,12,18.2840909090909
121638,9,27.9829545454545
119593,12,16.1742424242424
124581,12,11.4725378787879
120508,11,24.9313446969697
124543,12,13.2788825757576
125185,11,21.5482954545455
124564,12,15.4195011337868
123104,11,17.5639204545455
126434,9,28.0610795454545
125354,9,28.1747159090909
124933,10,28.1747159090909
125408,9,26.5411931818182
124525,12,23.3598484848485
119423,12,14.8745265151515
122022,9,28.828125
125940,9,27.8267045454545
123613,12,20.2192234848485
120449,11,30.5658143939394
120529,11,24.8371212121212
121680,9,27.4786931818182
121583,9,28.0610795454545
124333,12,14.2566287878788
121603,9,27.4786931818182
124521,12,16.5352564102564
122771,10,28.0610795454545
123567,11,23.9455492424242
120364,11,25.0875946969697
121691,9,27.2514204545455
125841,10,32.0052083333333
126186,9,27.9924242424242
122944,9,28.0610795454545
122618,11,28.9767992424242
120997,10,27.0975378787879
119883,12,17.2750946969697
123689,10,27.8077651515152
121112,11,22.1714015151515
120937,10,27.6136363636364
125833,10,25.2840909090909
120436,11,27.3200757575758
119507,12,23.030303030303
125063,12,16.735321969697
122210,12,18.0757575757576
120516,11,19.4176136363636
120503,11,25.9498106060606
125266,12,21.9460227272727
121602,9,28.0610795454545
120889,10,32.0880681818182
121585,9,28.0610795454545
120505,11,17.9616477272727
120615,11,17.4289772727273
124501,12,12.7133333333333
120504,11,24.1893939393939
120985,10,28.4138257575758
126633,10,28.5037878787879
120173,12,20.8939393939394
120588,11,25.0639204545455
125838,10,28.0610795454545
126430,9,25.4474431818182
124548,12,15.0099431818182
119508,12,15.2954545454545
125746,10,27.2727272727273
125739,10,27.5
120519,11,26.2760416666667
120886,10,28.1747159090909
121629,9,28.5653409090909
121558,9,28.0610795454545
121707,9,27.5
125116,11,18.921875
121459,12,22.0994318181818
124498,9,28.0610795454545
126800,10,27.265625
119672,11,25.0355113636364
120964,10,28.1628787878788
122196,12,13.7121212121212
123061,9,27.7627840909091
123385,9,27.0738636363636
126498,9,28.0610795454545
120991,10,27.5
122309,11,18.4190340909091
119493,12,24.7627840909091
122688,12,14.7703598484848
125146,11,21.2784090909091
121687,9,28.8020833333333
126407,9,27.4786931818182
124076,11,23.8257575757576
119472,12,11.6875
120714,11,20.8854166666667
125130,11,26.9152462121212
126558,10,27.4786931818182
120933,10,27.7556818181818
121643,9,26.40625
125737,10,27.7556818181818
121021,11,21.7310606060606
123758,11,15.2391098484848
125548,9,30.4403409090909
121677,9,28.0610795454545
123978,12,14.514678030303
120819,12,24.1927083333333
121548,9,28.0610795454545
123800,9,28.1628787878788
121671,9,28.0610795454545
120105,12,17.1657196969697
124745,12,15.5402462121212
125744,10,28.7310606060606
124062,10,27.65625
119263,12,14.8243371212121
125091,10,28.0610795454545
125361,10,28.828125
121035,10,27.9119318181818
121366,11,17.7888257575758
126413,9,27.6586174242424
119437,12,21.233428030303
121571,9,28.0610795454545
122331,12,18.3120265151515
121083,10,32.0880681818182
120052,12,13.3333333333333
124566,12,12.3058712121212
120356,11,24.53125
120137,12,14.780303030303
126387,10,28.1628787878788
125353,9,27.4786931818182
125839,10,27.5
126453,9,27.7627840909091
119470,12,19.985321969697
122772,9,28.984375
125117,11,19.1647727272727
120451,11,19.4791666666667
124987,9,27.8077651515152
123112,12,22.8546401515152
126599,12,9.13832199546485
120551,11,11.5843621399177
121608,9,27.109375
121562,9,28.0539772727273
120946,10,28.1628787878788
123174,10,27.96875
123334,10,26.5577651515152
121644,10,28.1747159090909
121533,9,27.9190340909091
121701,10,28.0610795454545
125741,10,27.7722537878788
121020,10,28.0610795454545
124931,10,28.9962121212121
123620,9,27.7556818181818
120978,10,26.6136363636364
121598,9,28.0610795454545
121938,10,27.109375
120980,10,27.5
126509,9,27.5
125915,11,17.405303030303
120552,11,20.6676136363636
120539,11,20.3053977272727
119651,12,21.2121212121212
120975,10,27.5
125847,9,28.1628787878788
124940,11,31.4891098484848
121022,10,28.0610795454545
125355,9,27.8267045454545
121552,9,28.1321022727273
125296,9,28.1628787878788
120881,9,28.0610795454545
124526,12,19.4796401515152
121030,10,27.2964015151515
124061,10,28.0042613636364
123591,11,18.922821969697
119510,12,16.3063446969697
125029,12,19.9881628787879
121661,9,28.1628787878788
124879,10,28.1628787878788
124522,12,15.1652462121212
120494,11,21.0160984848485
125938,11,21.9815340909091
120895,10,26.9176136363636
125949,9,28.0610795454545
125865,10,29.7518939393939
120478,11,20.3882575757576
121540,9,28.1747159090909
123113,12,20.3214962121212
119692,12,16.5719696969697
121537,9,28.1628787878788
123976,9,27.985321969697
126415,9,28.0610795454545
120610,11,20.5591856060606
123176,11,21.25
124880,10,28.1628787878788
120483,11,25.3948863636364
121004,10,30.2107007575758
121084,10,27.5
125038,12,22.3200757575758
124425,12,26.1429924242424
126579,10,27.6136363636364
120896,10,28.6434659090909
123768,10,28.1747159090909
124743,10,17.6775568181818
124720,12,13.8802083333333
126497,9,26.9886363636364
122757,11,20.3196022727273
120507,11,18.7921401515152
125890,11,20.438446969697
120901,10,27.8551136363636
121656,9,27.3887310606061
120480,11,24.4389204545455
126600,10,21.9460227272727
121597,9,28.0610795454545
124549,12,12.9995265151515
119849,12,15.7457386363636
123105,11,19.1264204545455
125037,11,15.7135076252723
124911,12,18.0800189393939
125300,10,27.5
125107,11,20.938446969697
124502,12,17.2679924242424
124664,9,28.6837121212121
120162,12,18.0563446969697
126601,10,24.3963068181818
125886,10,29.157196969697
119638,12,25.6723484848485
125073,9,27.3792613636364
125830,10,23.1960227272727
126799,12,13.0752840909091
125144,11,22.03125
125226,12,16.6314102564103
119652,12,8.63162878787879
121667,9,27.8551136363636
121814,12,18.1652462121212
121550,9,27.8858901515152
123228,12,16.264678030303
126485,9,27.6349431818182
125808,10,28.0610795454545
120399,11,22.1590909090909
119885,12,24.795928030303
125691,10,8.63821138211382
124582,12,28.9767992424242
123333,12,21.2168560606061
121046,10,28.3120265151515
120617,12,19.9692234848485
120454,11,18.7836174242424
120941,10,27.6136363636364
119304,12,22.546875
125136,11,18.749053030303
124102,9,28.0610795454545
124545,12,21.46875
123262,10,32.0880681818182
125387,11,28.9767992424242
124825,12,28.9767992424242
120033,12,16.0932765151515
121050,10,28.6079545454545
122783,9,28.0610795454545
121554,9,28.1628787878788
126493,9,29.4625946969697
125115,11,24.1316287878788
120977,10,27.8929924242424
126429,9,27.4360795454545
123634,11,21.0866477272727
125385,12,16.5956439393939
120310,12,17.4644886363636
126488,9,27.7627840909091
124518,12,13.8347537878788
125951,11,22.1714015151515
125098,9,27.3816287878788
123225,12,19.4171401515152
119320,12,17.109375
120876,10,27.6775568181818
125789,10,27.3745265151515
119925,12,14.860321969697
120968,10,27.5804924242424
123273,9,28.1747159090909
123062,11,20.920928030303
121590,10,28.1628787878788
122780,10,28.6316287878788
123651,10,29.84375
126451,9,27.8267045454545
124536,10,32.0880681818182
120014,12,16.7608901515152
126472,9,28.0610795454545
121221,11,18.6434659090909
120481,11,21.3541666666667
126431,9,29.3252840909091
121632,9,28.0610795454545
125922,11,22.9829545454545
121627,9,25.6676136363636
125775,11,23.3304924242424
121577,9,27.4289772727273
120296,12,22.5284090909091
123234,9,26.4512310606061
119783,12,18.3162878787879
122697,9,27.4786931818182
125761,10,26.6714015151515
125131,9,27.8551136363636
123224,12,17.4289772727273
120936,10,28.9654356060606
121826,9,27.7627840909091
121639,9,31.2002840909091
120116,12,19.6373106060606
125812,9,28.0610795454545
120362,11,22.0184659090909
125223,11,23.1581439393939
125848,9,28.4019886363636
121615,9,27.9474431818182
121017,10,28.219696969697
126544,9,28.0610795454545
122407,10,28.0610795454545
125352,9,28.0610795454545
120412,12,21.9981060606061
120447,11,23.4801136363636
120593,12,17.8120265151515
125186,11,24.1496212121212
120531,11,24.0482954545455
121654,9,28.1747159090909
125163,11,20.0681818181818
124491,10,28.203125
120357,11,21.9460227272727
120877,10,31.0700757575758
120890,10,26.6264204545455
120547,11,29.8101325757576
120517,11,20.250946969697
119264,12,30.4592803030303
120469,11,24.1832386363636
120953,10,27.9474431818182
120974,10,28.1889204545455
125347,12,20.532196969697
119453,12,21.625
124213,11,17.6065340909091
120431,11,18.6434659090909
119983,12,23.6245265151515
121200,12,17.9663825757576
124542,12,28.9767992424242
123747,10,27.2324810606061
125725,10,28.0610795454545
124876,9,28.1036931818182
119366,12,20.2267992424242
125534,10,26.8323863636364
123129,10,28.0610795454545
125277,11,20.703125
120945,10,26.9176136363636
126489,9,23.2599431818182
122692,12,20.2746212121212
121036,10,27.0596590909091
120518,11,17.7201704545455
125859,11,20.8361742424242
121623,9,28.0610795454545
121043,10,28.1202651515152
124590,12,15.9043560606061
122779,11,19.4034090909091
126487,9,28.0610795454545
122228,11,23.0355113636364
122248,11,15.1278409090909
125863,10,27.8409090909091
126793,9,27.6704545454545
124394,12,15.3301282051282
120587,12,14.4251893939394
126005,12,14.7679924242424
123666,10,28.9393939393939
120522,11,19.000946969697
125749,12,18.5407196969697
121361,12,15.8877840909091
120461,11,17.4625946969697
123640,10,27.0738636363636
119416,12,20.967803030303
120525,11,20.5823863636364
120446,11,18.7263257575758
119209,12,19.7561553030303
119318,12,8.78205128205128
120900,10,27.5
124075,11,18.1392045454545
125468,10,27.4786931818182
119485,12,19.3768939393939
125368,11,24.7225378787879
125195,11,20.4147727272727
121647,9,28.0421401515152
124874,9,28.0610795454545
120376,11,18.0397727272727
121674,9,28.0610795454545
121458,10,28.1628787878788
123583,11,28.9767992424242
125523,10,27.0809659090909
121559,9,28.0610795454545
119243,12,24.7357954545455
125874,11,21.2121212121212
125831,10,21.9460227272727
120448,11,28.9767992424242
120956,10,26.9176136363636
123031,11,24.1155303030303
120401,11,24.8939393939394
119693,12,20.3461174242424
122838,11,19.9128787878788
123254,12,14.6141098484848
120973,10,28.9133522727273
126572,12,18.7542613636364
120898,10,27.7722537878788
125753,10,27.9474431818182
126447,9,28.0610795454545
125150,11,20.4545454545455
121596,9,28.0610795454545
123239,12,19.2869318181818
124529,12,22.7291666666667
122274,10,28.1060606060606
121573,9,28.0610795454545
121631,9,29.0151515151515
120951,10,28.1628787878788
121685,9,28.0610795454545
123070,11,22.5430871212121
120549,11,24.0359848484848
121777,12,17.6657196969697
120543,10,27.5
120455,11,22.2869318181818
121962,11,21.7376893939394
119805,12,19.109375
124404,12,16.5369318181818
126433,9,27.8077651515152
124695,12,10.9592803030303
124935,10,26.9176136363636
122940,9,27.7840909090909
120972,10,28.9962121212121
121625,9,28.0184659090909
124080,11,25.2367424242424
120948,10,28.1628787878788
125142,11,22.4933712121212
121666,9,28.0610795454545
123665,10,26.5198863636364
121026,10,21.4573863636364
121541,9,27.8267045454545
120403,11,23.4535984848485
120996,10,27.265625
120893,10,27.5
121924,10,27.6586174242424
120487,11,19.84375
119238,12,28.9767992424242
122889,9,27.7840909090909
124988,11,19.8484848484848
124528,12,14.9100378787879
123226,12,15.9824810606061
125420,11,18.0345643939394
121601,9,28.1628787878788
121515,12,23.2689393939394
121616,9,27.4786931818182
121544,9,26.266571969697
121572,9,28.0610795454545
120655,11,23.5558712121212
120954,10,29.7111742424242
124017,10,29.1098484848485
121664,9,27.3650568181818
125410,9,28.0823863636364
124591,12,17.8764204545455
120398,11,17.4195075757576
121618,9,27.7793560606061
124972,11,20.5852272727273
122179,12,7.14725378787879
125090,12,19.3210227272727
125129,11,18.7525406504065
120101,12,13.342803030303
125109,11,19.735321969697
125742,10,27.5
123258,12,19.0648674242424
120147,12,20.1041666666667
121037,10,27.6136363636364
122700,12,20.8233901515152
124162,11,19.4767992424242
119938,12,16.5482954545455
120955,10,26.9176136363636
125866,10,28.0610795454545
119680,12,20.0279356060606
125358,9,28.4517045454545
123172,9,31.9933712121212
126483,9,28.0610795454545
121014,10,28.1628787878788
124484,12,21.5833333333333
124403,12,25.4114583333333
119553,12,25.545928030303
121551,9,26.9744318181818
121789,10,26.9176136363636
125362,11,28.9767992424242
121670,9,27.8338068181818
120096,11,18.7836174242424
120512,11,19.5052083333333
124942,10,26.9318181818182
125159,11,21.4938446969697
120406,11,21.640625
120363,11,18.0842803030303
123867,9,27.8267045454545
121646,9,28.0326704545455
121542,9,28.1202651515152
125867,11,21.5625
123566,9,27.829071969697
121049,10,27.8077651515152
121746,11,22.109375
124694,12,14.6392045454545
120216,12,23.9128787878788
119790,12,17.5894886363636
125182,11,26.9152462121212
122249,11,24.0975378787879
125727,10,27.7438446969697
120000,12,15.0137310606061
121621,9,26.4559659090909
126586,10,27.5
126767,11,18.7713068181818
119830,12,18.1770833333333
120426,11,18.5558712121212
125732,10,28.0610795454545
121720,11,19.2168560606061
126427,9,28.0610795454545
125736,10,27.6136363636364
124163,11,20.5255681818182
119856,12,17.7017045454545
124160,12,18.1302083333333
122219,10,27.6420454545455
125840,11,22.577178030303
125295,10,27.5804924242424
125763,10,30.5894886363636
123120,9,27.9403409090909
119499,12,21.2125946969697
123675,12,24.03125
125388,11,29.6775568181818
126446,9,28.1628787878788
126432,9,28.0610795454545
125970,12,20.1349431818182
125765,10,28.0610795454545
119941,12,30.4592803030303
126440,9,24.84375
120463,11,28.9767992424242
121778,9,27.7722537878788
124878,10,27.7722537878788
120880,10,28.1747159090909
120938,10,28.1628787878788
122220,12,17.6321022727273
125764,10,28.8233901515152
120521,11,22.5265151515152
121399,12,18.7604166666667
123136,9,26.8797348484848
124029,10,28.2528409090909
122243,12,15.7481060606061
125747,10,29.5620265151515
125760,10,30.3764204545455
121734,9,27.4786931818182
125779,10,26.8252840909091
124488,12,19.3210227272727
120550,11,22.5383522727273
119995,12,15.3314393939394
120650,11,20.5018939393939
120509,11,17.6846590909091
119717,12,20.0066287878788
119218,12,19.0648674242424
121547,9,29.4128787878788
123221,9,28.0610795454545
121673,9,28.0610795454545
126474,9,28.0610795454545
124565,12,20.1923076923077
123177,11,19.2518939393939
124059,10,27.4786931818182
120902,10,26.9034090909091
120408,11,16.780303030303
120277,12,17.8650568181818
124588,12,11.6714285714286
124347,12,14.8821022727273
125169,11,18.9730113636364
124500,12,29.3953598484848
121617,9,27.7722537878788
119872,12,15.2258522727273
124083,11,19.7372159090909
124161,11,16.9720643939394
120243,12,19.547821969697
123576,11,20.0118371212121
125092,11,21.9801136363636
119450,12,17.0075757575758
125450,11,5.42664670658683
120488,11,26.077178030303
121906,9,27.8267045454545
119413,12,19.3825757575758
126587,9,27.1946022727273
121619,9,27.8338068181818
124641,12,25.2982954545455
125466,9,27.9829545454545
126480,9,27.9403409090909
120460,11,20.2964015151515
119515,12,20.8267045454545
125977,9,26.3991477272727
120520,11,31.4616477272727
123690,10,27.7982954545455
119380,12,11.9910037878788
119480,12,17.4427083333333
125028,11,29.0033143939394
121111,11,22.4479166666667
126746,10,28.5748106060606
119195,12,21.9749053030303
125885,10,21.3541666666667
121733,9,27.5923295454545
125692,10,26.7116477272727
125196,12,18.5932765151515
122208,12,22.0213068181818
124534,9,31.1458333333333
125992,12,18.6837121212121
124428,11,22.2372159090909
120963,10,26.5553977272727
120649,12,19.6302083333333
120926,10,28.1628787878788
120444,11,28.9767992424242
122696,10,32.0880681818182
124205,10,32.0880681818182
121648,9,27.5804924242424
126481,9,26.9886363636364
124589,12,13.1652462121212
120879,10,30.2580492424242
121795,12,16.7992424242424
123240,12,20.0232007575758
121041,10,27.4786931818182
120126,12,26.2466856060606
126423,9,28.8991477272727
125733,10,28.0610795454545
125869,10,27.188446969697
119430,12,21.3754734848485
121642,9,28.0610795454545
121679,9,27.0880681818182
126441,9,27.9829545454545
120899,10,26.1576704545455
124512,9,27.8077651515152
121600,9,27.6586174242424
121657,9,28.1628787878788
125158,11,18.5132575757576
120998,10,29.1548295454545
120688,11,21.7239583333333
123748,12,16.9412878787879
122698,9,31.2002840909091
124157,11,17.2774621212121
124393,12,21.9247159090909
123005,10,26.9176136363636
120131,12,16.2954545454545
122352,10,27.4786931818182
123593,9,28.1747159090909
124482,12,29.1690340909091
122299,11,21.4346590909091
124574,10,30.3527462121212
125181,11,23.6860795454545
126708,10,27.5
124652,12,22.8243371212121
121032,10,26.25
121827,10,27.4147727272727
124031,11,18.0184659090909
123128,10,26.25
124586,12,13.4895833333333
119744,12,29.2239583333333
124043,12,21.3849431818182
124873,11,20.5397727272727
125357,9,28.0610795454545
124067,10,27.6349431818182
125889,11,18.844696969697
125396,12,17.360321969697
126467,9,27.7840909090909
121780,12,17.9351325757576
120906,10,27.2372159090909
126588,11,18.1202651515152
125145,11,16.3139204545455
126437,9,27.7627840909091
124332,12,24.8006628787879
124937,10,27.0880681818182
122233,10,26.5909090909091
121693,9,27.8574810606061
120158,12,14.9550189393939
120083,12,18.2073863636364
121543,9,28.0610795454545
125102,11,25.1870265151515
121561,9,27.5804924242424
121682,9,28.0610795454545
124533,12,13.5913825757576
124255,12,17.2769886363636
126443,9,27.6586174242424
124395,12,18.139678030303
121584,9,27.6586174242424
120456,11,18.0965909090909
125178,11,19.4015151515152
119959,12,23.1221590909091
120473,11,26.1316287878788
120961,10,28.1628787878788
121078,10,27.5071022727273
122353,9,28.0610795454545
125398,11,20.5255681818182
126455,9,30.9232954545455
124103,11,35.6344696969697
119832,12,21.1695075757576
119794,12,17.6770833333333
124587,12,12.0285714285714
